productId,productName,productDesc,price
1,product name 1,product desc 1,100.9
2,product name 2,product desc 2,103.4
3,product name 3,product desc 3,105.9
4,product name 4,product desc 4,108.4
5,product name 5,product desc 5,110.9
6,product name 6,product desc 6,113.4
7,product name 7,product desc 7,115.9
8,product name 8,product desc 8,118.4
9,product name 9,product desc 9,120.9
10,product name 10,product desc 10,123.4
11,product name 11,product desc 11,125.9
12,product name 12,product desc 12,128.4
13,product name 13,product desc 13,130.9
14,product name 14,product desc 14,133.4
15,product name 15,product desc 15,135.9
16,product name 16,product desc 16,138.4
17,product name 17,product desc 17,140.9
18,product name 18,product desc 18,143.4
19,product name 19,product desc 19,145.9
20,product name 20,product desc 20,148.4
21,product name 21,product desc 21,150.9
22,product name 22,product desc 22,153.4
23,product name 23,product desc 23,155.9
24,product name 24,product desc 24,158.4
25,product name 25,product desc 25,160.9
26,product name 26,product desc 26,163.4
27,product name 27,product desc 27,165.9
28,product name 28,product desc 28,168.4
29,product name 29,product desc 29,170.9
30,product name 30,product desc 30,173.4
31,product name 31,product desc 31,175.9
32,product name 32,product desc 32,178.4
33,product name 33,product desc 33,180.9
34,product name 34,product desc 34,183.4
35,product name 35,product desc 35,185.9
36,product name 36,product desc 36,188.4
37,product name 37,product desc 37,190.9
38,product name 38,product desc 38,193.4
39,product name 39,product desc 39,195.9
40,product name 40,product desc 40,198.4
41,product name 41,product desc 41,200.9
42,product name 42,product desc 42,203.4
43,product name 43,product desc 43,205.9
44,product name 44,product desc 44,208.4
45,product name 45,product desc 45,210.9
46,product name 46,product desc 46,213.4
47,product name 47,product desc 47,215.9
48,product name 48,product desc 48,218.4
49,product name 49,product desc 49,220.9
50,product name 50,product desc 50,223.4
51,product name 51,product desc 51,225.9
52,product name 52,product desc 52,228.4
53,product name 53,product desc 53,230.9
54,product name 54,product desc 54,233.4
55,product name 55,product desc 55,235.9
56,product name 56,product desc 56,238.4
57,product name 57,product desc 57,240.9
58,product name 58,product desc 58,243.4
59,product name 59,product desc 59,245.9
60,product name 60,product desc 60,248.4
61,product name 61,product desc 61,250.9
62,product name 62,product desc 62,253.4
63,product name 63,product desc 63,255.9
64,product name 64,product desc 64,258.4
65,product name 65,product desc 65,260.9
66,product name 66,product desc 66,263.4
67,product name 67,product desc 67,265.9
68,product name 68,product desc 68,268.4
69,product name 69,product desc 69,270.9
70,product name 70,product desc 70,273.4
71,product name 71,product desc 71,275.9
72,product name 72,product desc 72,278.4
73,product name 73,product desc 73,280.9
74,product name 74,product desc 74,283.4
75,product name 75,product desc 75,285.9
76,product name 76,product desc 76,288.4
77,product name 77,product desc 77,290.9
78,product name 78,product desc 78,293.4
79,product name 79,product desc 79,295.9
80,product name 80,product desc 80,298.4
81,product name 81,product desc 81,300.9
82,product name 82,product desc 82,303.4
83,product name 83,product desc 83,305.9
84,product name 84,product desc 84,308.4
85,product name 85,product desc 85,310.9
86,product name 86,product desc 86,313.4
87,product name 87,product desc 87,315.9
88,product name 88,product desc 88,318.4
89,product name 89,product desc 89,320.9
90,product name 90,product desc 90,323.4
91,product name 91,product desc 91,325.9
92,product name 92,product desc 92,328.4
93,product name 93,product desc 93,330.9
94,product name 94,product desc 94,333.4
95,product name 95,product desc 95,335.9
96,product name 96,product desc 96,338.4
97,product name 97,product desc 97,340.9
98,product name 98,product desc 98,343.4
99,product name 99,product desc 99,345.9
100,product name 100,product desc 100,348.4
